{"cameraMode":{"drawMode":0,"name":"Shaded","section":"Shading Mode"},"sceneLighting":true,"audioPlay":false,"sceneViewState":{"m_AlwaysRefresh":false,"showFog":true,"showSkybox":true,"showFlares":true,"showImageEffects":true,"showParticleSystems":true,"showVisualEffectGraphs":true,"m_FxEnabled":true},"in2DMode":false,"pivot":{"x":669.947509765625,"y":347.5082702636719,"z":14.455657958984375},"rotation":{"x":-0.004809197504073381,"y":-0.008402991108596325,"z":0.000041562587284715846,"w":-0.9999596476554871},"size":594.7700805664063,"orthographic":false}